{
  "Image": {
    "size": "1920x1208",
    "scene": "Highway",
    "weather": "Overcast",
    "timeofday": "Daytime",
    "nation": "Vietnam"
  },
  "Object": [
    {
      "class": "Car",
      "box2d": {
        "x1": 822,
        "y1": 398,
        "x2": 854,
        "y2": 428
      },
      "level": 0
    },
    {
      "class": "Cyclist",
      "box2d": {
        "x1": 1062,
        "y1": 400,
        "x2": 1082,
        "y2": 453
      },
      "level": 0
    },
    {
      "class": "Car",
      "box2d": {
        "x1": 933,
        "y1": 407,
        "x2": 1020,
        "y2": 476
      },
      "level": 0
    },
    {
      "class": "Truck",
      "box2d": {
        "x1": 1436,
        "y1": 207,
        "x2": 1765,
        "y2": 520
      },
      "level": 0
    },
    {
      "class": "Cyclist",
      "box2d": {
        "x1": 1124,
        "y1": 398,
        "x2": 1171,
        "y2": 482
      },
      "level": 0
    }
  ]
}