{
  "Image": {
    "size": "1920x1208",
    "scene": "Highway",
    "weather": "Overcast",
    "timeofday": "Daytime",
    "nation": "Vietnam"
  },
  "Object": [
    {
      "class": "Cyclist",
      "box2d": {
        "x1": 1115,
        "y1": 399,
        "x2": 1162,
        "y2": 483
      },
      "level": 0
    },
    {
      "class": "Cyclist",
      "box2d": {
        "x1": 1020,
        "y1": 404,
        "x2": 1037,
        "y2": 439
      },
      "level": 0
    },
    {
      "class": "Car",
      "box2d": {
        "x1": 798,
        "y1": 403,
        "x2": 831,
        "y2": 433
      },
      "level": 0
    },
    {
      "class": "Cyclist",
      "box2d": {
        "x1": 1155,
        "y1": 406,
        "x2": 1185,
        "y2": 459
      },
      "level": 0
    },
    {
      "class": "Cyclist",
      "box2d": {
        "x1": 1071,
        "y1": 402,
        "x2": 1093,
        "y2": 460
      },
      "level": 0
    },
    {
      "class": "Truck",
      "box2d": {
        "x1": 1708,
        "y1": 124,
        "x2": 1921,
        "y2": 581
      },
      "level": 2
    },
    {
      "class": "Car",
      "box2d": {
        "x1": 913,
        "y1": 409,
        "x2": 1003,
        "y2": 482
      },
      "level": 0
    }
  ]
}